number,value,datetime_start,datetime_complete,duration,params_colsample_bytree,params_max_depth,params_min_child_samples,params_num_leaves,params_reg_alpha,params_reg_lambda,params_subsample,params_subsample_for_bin,params_subsample_freq,state
0,0.67594510616261,2021-08-21 12:55:42.048544,2021-08-21 12:56:46.260157,0 days 00:01:04.211613,0.4962092969417952,3,29,17,4.437000613147861e-08,0.02449019749352591,0.8940646499625984,1314,1,COMPLETE
1,0.6289487312273434,2021-08-21 12:56:46.261469,2021-08-21 12:58:19.737151,0 days 00:01:33.475682,0.6468882144663449,5,2,2,0.0001705940883873298,2.1953293331776672e-05,0.5323895201959304,5081,9,COMPLETE
2,0.6602796478508545,2021-08-21 12:58:19.741701,2021-08-21 12:59:31.802280,0 days 00:01:12.060579,0.6984490362229712,2,4,25,0.00014981893176612958,3.505899906417498e-05,0.733742749994857,5777,6,COMPLETE
3,0.6606680476437079,2021-08-21 12:59:31.804008,2021-08-21 13:00:38.149205,0 days 00:01:06.345197,0.9847532992527831,7,29,4,6.28394635366918e-08,0.0001611452013116469,0.7735292285571744,5566,8,COMPLETE
4,0.6663645779388918,2021-08-21 13:00:38.150487,2021-08-21 13:01:29.177933,0 days 00:00:51.027446,0.5390926853638496,7,14,10,0.004550956550110637,0.00026359915300287,0.42636208257404434,945,9,COMPLETE
5,0.6799585706887623,2021-08-21 13:01:29.179242,2021-08-21 13:02:00.902647,0 days 00:00:31.723405,0.7242590329016347,6,25,15,0.09891798230596528,0.02304860163967071,0.7088790537899177,637,2,COMPLETE
6,0.6795701708959089,2021-08-21 13:02:00.904523,2021-08-21 13:02:54.702675,0 days 00:00:53.798152,0.40018238084002766,3,9,21,0.00019014190529268444,0.03163143327208164,0.7096080576143353,995,5,COMPLETE
7,0.681512169860176,2021-08-21 13:02:54.704512,2021-08-21 13:05:03.485528,0 days 00:02:08.781016,0.5064212917547257,3,7,18,8.922577472404766,1.2906135327817163e-06,0.8620100959181207,3947,3,COMPLETE
8,0.6716727084412222,2021-08-21 13:05:03.486694,2021-08-21 13:06:35.813688,0 days 00:01:32.326994,0.5894484485126035,3,13,21,0.02226651142300018,1.476017985993154e-07,0.8199692107115286,3250,7,COMPLETE
9,0.6795701708959089,2021-08-21 13:06:35.814893,2021-08-21 13:07:48.174353,0 days 00:01:12.359460,0.7764273372028041,7,13,30,4.8345225244912475,5.469622537364605e-08,0.8147388950987193,4944,1,COMPLETE
10,0.6773692387364061,2021-08-21 13:07:48.175911,2021-08-21 13:08:58.020517,0 days 00:01:09.844606,0.868448403233973,4,21,10,9.228579716984765,4.3886667931434795,0.9825048164882588,3577,4,COMPLETE
11,0.6802175038839979,2021-08-21 13:08:58.022312,2021-08-21 13:09:46.556091,0 days 00:00:48.533779,0.7965278227115479,5,21,14,0.19809423617258845,8.610539716411907e-07,0.5740697867526545,2562,3,COMPLETE
12,0.6844899016053858,2021-08-21 13:09:46.557260,2021-08-21 13:10:40.733358,0 days 00:00:54.176098,0.8437945050424118,5,21,13,0.5408604364961851,1.17170465205648e-06,0.5491476985490141,2689,3,COMPLETE
13,0.6819005696530295,2021-08-21 13:10:40.736857,2021-08-21 13:11:45.462444,0 days 00:01:04.725587,0.9121428010760269,4,7,11,0.8436051320555111,3.839257753090999e-06,0.5851988134608137,3940,3,COMPLETE
14,0.6741325737959606,2021-08-21 13:11:45.464118,2021-08-21 13:12:28.348140,0 days 00:00:42.884022,0.9153294934480027,4,19,8,2.6396189204034635e-06,3.081774953147728e-06,0.590426603668022,2143,4,COMPLETE
15,0.6666235111341274,2021-08-21 13:12:28.350001,2021-08-21 13:13:26.856817,0 days 00:00:58.506816,0.8838762290280862,5,8,7,0.3934851795212038,1.388823748285096e-08,0.4757749282852782,4286,5,COMPLETE
16,0.6758156395649921,2021-08-21 13:13:26.858242,2021-08-21 13:14:23.957783,0 days 00:00:57.099541,0.993018347016013,6,18,12,0.0034891205288254796,7.744687524463294e-06,0.6329286140282904,2507,3,COMPLETE
17,0.676074572760228,2021-08-21 13:14:23.961278,2021-08-21 13:15:20.197951,0 days 00:00:56.236673,0.8224170274659813,4,24,6,0.8054876513269468,0.0013718625511772021,0.6496548281877501,3043,2,COMPLETE
18,0.668953909891248,2021-08-21 13:15:20.199659,2021-08-21 13:16:11.476818,0 days 00:00:51.277159,0.9287943083274178,6,11,12,0.0032933253979837538,1.987895307028744e-07,0.4889036385248932,1830,6,COMPLETE
19,0.6548420507509063,2021-08-21 13:16:11.482157,2021-08-21 13:16:55.312211,0 days 00:00:43.830054,0.8439137101087806,2,5,20,2.5098167167322966e-05,1.168477162318731e-08,0.4217796001613476,4379,4,COMPLETE
20,0.6743915069911963,2021-08-21 13:16:55.315763,2021-08-21 13:17:50.460086,0 days 00:00:55.144323,0.7246449568068318,5,16,25,0.02843154074588377,0.0025648429213752395,0.637202285564698,2987,2,COMPLETE
21,0.6947177628171932,2021-08-21 13:17:50.461428,2021-08-21 13:19:46.495390,0 days 00:01:56.033962,0.49480106535205537,3,7,18,1.9825562423595735,1.3290100906395337e-06,0.9003729286438701,3834,3,COMPLETE
22,0.6875970999482134,2021-08-21 13:19:46.497246,2021-08-21 13:21:06.366361,0 days 00:01:19.869115,0.42782180773091827,4,1,13,1.0679690730960085,5.445728031100196e-07,0.5443845782306318,3750,3,COMPLETE
23,0.685784567581564,2021-08-21 13:21:06.368199,2021-08-21 13:22:37.581813,0 days 00:01:31.213614,0.4370303144129448,4,1,14,1.1931043327117248,3.393686079198197e-07,0.9920967536670416,3540,4,COMPLETE
24,0.6866908337648887,2021-08-21 13:22:37.583284,2021-08-21 13:24:22.982433,0 days 00:01:45.399149,0.4032102419071486,3,1,16,1.876508100880872,2.57961777541471e-07,0.9970020263332908,3521,5,COMPLETE
25,0.6606680476437079,2021-08-21 13:24:22.983540,2021-08-21 13:26:20.616646,0 days 00:01:57.633106,0.4532786174237391,2,4,18,0.04232286709084094,3.891717099927864e-08,0.926061744159215,4776,5,COMPLETE
26,0.6904453650958053,2021-08-21 13:26:20.618165,2021-08-21 13:28:28.288370,0 days 00:02:07.670205,0.5763919659783642,3,1,24,2.3502040014827568,4.013944810037594e-05,0.9269938790851082,3594,7,COMPLETE
27,0.6702485758674261,2021-08-21 13:28:28.289975,2021-08-21 13:30:11.305223,0 days 00:01:43.015248,0.5747655457949122,3,3,24,0.14894337258684623,9.612367994539857e-05,0.9394977782352222,4377,7,COMPLETE
28,0.6631279129984464,2021-08-21 13:30:11.306590,2021-08-21 13:31:37.576493,0 days 00:01:26.269903,0.6376522399437231,2,6,29,0.013388168457530393,1.595084101987367e-05,0.8600630423524708,3842,7,COMPLETE
29,0.6922578974624547,2021-08-21 13:31:37.577767,2021-08-21 13:33:24.557405,0 days 00:01:46.979638,0.4838630308466487,3,10,27,3.128534280808201,0.0010316655615661221,0.9115691400236661,2031,10,COMPLETE
30,0.6593733816675298,2021-08-21 13:33:24.559235,2021-08-21 13:35:13.393685,0 days 00:01:48.834450,0.5078366599215511,2,11,23,0.001028848755693742,0.0015215450004431252,0.9166615705529754,1823,10,COMPLETE
31,0.6901864319005697,2021-08-21 13:35:13.395037,2021-08-21 13:36:55.126879,0 days 00:01:41.731842,0.4885992139386145,3,9,29,2.928103507542503,0.023247288859030633,0.8832828442901527,3173,10,COMPLETE
32,0.6856551009839461,2021-08-21 13:36:55.128134,2021-08-21 13:38:38.671620,0 days 00:01:43.543486,0.4750950557812601,3,10,28,3.029690817846494,0.21885948113848674,0.8983467371419618,2141,10,COMPLETE
33,0.6897980321077162,2021-08-21 13:38:38.672912,2021-08-21 13:40:29.993940,0 days 00:01:51.321028,0.5637003353186175,3,5,27,2.83661290662662,0.009280149656668072,0.8694489608497314,1443,9,COMPLETE
34,0.664810978767478,2021-08-21 13:40:29.995598,2021-08-21 13:41:58.672957,0 days 00:01:28.677359,0.624927488873241,2,10,27,0.15303099672140436,0.3145583431581447,0.954172690378331,3122,9,COMPLETE
35,0.6727084412221647,2021-08-21 13:41:58.674518,2021-08-21 13:43:50.748206,0 days 00:01:52.073688,0.5425299066488963,3,3,31,1.9174806165461918e-07,8.349876839804057e-05,0.8912541925908921,5492,8,COMPLETE
36,0.6712843086483687,2021-08-21 13:43:50.749349,2021-08-21 13:46:13.573913,0 days 00:02:22.824564,0.4913945935508345,2,15,26,9.509458558565212,0.0005641886753226621,0.7660966045842561,2792,10,COMPLETE
37,0.67594510616261,2021-08-21 13:46:13.575118,2021-08-21 13:47:48.865433,0 days 00:01:35.290315,0.6119798792109049,3,8,23,0.32374645566174143,3.221407677983777e-05,0.8184290584052547,3319,8,COMPLETE
38,0.6723200414293112,2021-08-21 13:47:48.866929,2021-08-21 13:49:32.779756,0 days 00:01:43.912827,0.5485016891682898,3,12,31,0.06805914628197657,0.13476552651783952,0.9537788636056639,4155,10,COMPLETE
39,0.6768513723459347,2021-08-21 13:49:32.784856,2021-08-21 13:50:52.226292,0 days 00:01:19.441436,0.521086619801873,4,6,20,1.759646258375379e-05,0.006130935409165465,0.7749088139283895,4618,9,COMPLETE
40,0.6701191092698084,2021-08-21 13:50:52.229956,2021-08-21 13:52:11.599662,0 days 00:01:19.369706,0.4638344779139731,3,3,29,1.420615361778761e-08,0.000241330774436297,0.8462812773562068,2279,8,COMPLETE
41,0.6938114966338685,2021-08-21 13:52:11.600800,2021-08-21 13:52:59.016891,0 days 00:00:47.416091,0.6824505799546386,3,5,27,3.0984601260370264,0.02390834603287697,0.8804255735850857,1215,9,COMPLETE
42,0.6768513723459347,2021-08-21 13:52:59.018673,2021-08-21 13:53:43.426494,0 days 00:00:44.407821,0.6517199318767032,2,9,25,2.923349222125872,0.040163151114340725,0.8918551629625515,1137,10,COMPLETE
43,0.6855256343863283,2021-08-21 13:53:43.429512,2021-08-21 13:54:43.583717,0 days 00:01:00.154205,0.6815606472921513,3,5,22,3.774892195604998,0.7413060349434951,0.9644232499947516,1386,9,COMPLETE
44,0.6778871051268772,2021-08-21 13:54:43.584862,2021-08-21 13:55:38.186963,0 days 00:00:54.602101,0.5245380927757402,3,7,27,0.3924930674834498,0.04874257706699318,0.7911776652408591,572,7,COMPLETE
45,0.6885033661315381,2021-08-21 13:55:38.188266,2021-08-21 13:57:02.117973,0 days 00:01:23.929707,0.5974496264485837,4,9,29,5.038634495319162,0.010318938712873517,0.8468621434992019,1615,9,COMPLETE
46,0.6887622993267737,2021-08-21 13:57:02.119483,2021-08-21 13:58:21.373036,0 days 00:01:19.253553,0.486169937462208,3,3,26,1.2779393303568207,1.8490355494946487,0.9262446347197743,858,10,COMPLETE
47,0.6746504401864319,2021-08-21 13:58:21.374886,2021-08-21 13:59:24.025869,0 days 00:01:02.650983,0.7140962397856345,3,6,24,0.10323569847492302,0.07933747216210188,0.878028160552397,3353,6,COMPLETE
48,0.6831952356292076,2021-08-21 13:59:24.027073,2021-08-21 14:00:49.574919,0 days 00:01:25.547846,0.7565633054527651,4,12,18,9.227390524184681,0.00047099876299708905,0.8286044854547604,5304,8,COMPLETE
49,0.6597617814603832,2021-08-21 14:00:49.576040,2021-08-21 14:01:33.773353,0 days 00:00:44.197313,0.6671546326545943,2,8,30,0.013067368943817607,0.0028017786836197186,0.7240970164938774,2373,8,COMPLETE
50,0.675297773174521,2021-08-21 14:01:33.774742,2021-08-21 14:02:37.940661,0 days 00:01:04.165919,0.5707114052499332,3,30,21,0.3398755498926067,0.014754736151876342,0.6832671664548293,2820,1,COMPLETE
51,0.690574831693423,2021-08-21 14:02:37.942910,2021-08-21 14:04:24.569700,0 days 00:01:46.626790,0.5614396507581103,3,5,27,2.3888830771300547,0.003978084834683623,0.9045355062458834,1725,9,COMPLETE
52,0.6900569653029518,2021-08-21 14:04:24.570922,2021-08-21 14:05:55.052232,0 days 00:01:30.481310,0.5248450180693122,4,4,28,1.6801935519742006,0.004501875788712035,0.9155350992027972,1955,9,COMPLETE
53,0.685007767995857,2021-08-21 14:05:55.053388,2021-08-21 14:07:09.323222,0 days 00:01:14.269834,0.5942916202389718,3,2,26,0.653941175076859,0.019918597502455872,0.9648293075687845,1144,10,COMPLETE
54,0.6812532366649404,2021-08-21 14:07:09.324920,2021-08-21 14:10:29.472366,0 days 00:03:20.147446,0.49827378193200345,3,7,3,5.051426864767209,0.0011598254803396363,0.902738688450353,1600,9,COMPLETE
55,0.6732263076126359,2021-08-21 14:10:29.473890,2021-08-21 14:12:26.256633,0 days 00:01:56.782743,0.4459219493004332,2,4,28,0.7349176566136205,3.0204675569523854e-06,0.793051574122853,4085,10,COMPLETE
56,0.6798291040911445,2021-08-21 14:12:26.257937,2021-08-21 14:13:26.024814,0 days 00:00:59.766877,0.548887718147491,4,10,30,0.21587524596941784,0.0007235309760526451,0.8483656523788277,821,9,COMPLETE
57,0.6904453650958053,2021-08-21 14:13:26.026142,2021-08-21 14:15:08.807609,0 days 00:01:42.781467,0.4133435667937153,3,2,25,1.9056145167149878,6.911729914346707e-05,0.9737646219011776,2560,6,COMPLETE
58,0.672449508026929,2021-08-21 14:15:08.809235,2021-08-21 14:16:34.857703,0 days 00:01:26.048468,0.4179354353500531,3,2,24,0.05943392706448457,7.941932787512671e-05,0.9809144208682817,2594,6,COMPLETE
59,0.6907042982910409,2021-08-21 14:16:34.859195,2021-08-21 14:17:58.075531,0 days 00:01:23.216336,0.4689835670369128,4,1,22,1.212960012560314,1.22774992604713e-05,0.9396683263722122,2086,6,COMPLETE
60,0.6822889694458829,2021-08-21 14:17:58.079169,2021-08-21 14:19:22.168820,0 days 00:01:24.089651,0.4583093189892979,5,1,20,6.003293623404056,1.696256023486248e-05,0.9430131959905523,2008,7,COMPLETE
61,0.6869497669601242,2021-08-21 14:19:22.170016,2021-08-21 14:20:37.617453,0 days 00:01:15.447437,0.41826069587620696,4,2,22,1.7552005448136447,6.898298545463841e-06,0.9751950673551892,1711,6,COMPLETE
62,0.6899274987053341,2021-08-21 14:20:37.619190,2021-08-21 14:22:19.309803,0 days 00:01:41.690613,0.43730869229896935,3,5,17,0.7297344345530636,0.0001761425052578194,0.9421673351616433,2431,5,COMPLETE
63,0.6897980321077162,2021-08-21 14:22:19.314660,2021-08-21 14:23:53.861929,0 days 00:01:34.547269,0.4766135432345421,3,4,25,1.4916866312259607,4.2903101733195116e-05,0.9106210479299769,1263,7,COMPLETE
64,0.6817711030554117,2021-08-21 14:23:53.863327,2021-08-21 14:25:10.461740,0 days 00:01:16.598413,0.4081859761440365,4,1,19,0.30193305331323556,5.9574465824029045e-06,0.9998585342029784,2131,6,COMPLETE
65,0.6878560331434489,2021-08-21 14:25:10.463008,2021-08-21 14:26:41.172028,0 days 00:01:30.709020,0.5113732890246809,3,26,23,5.664589225329427,1.1083944082405695e-06,0.9351282666535028,2960,4,COMPLETE
66,0.6771103055411704,2021-08-21 14:26:41.173516,2021-08-21 14:29:20.441808,0 days 00:02:39.268292,0.4587053916674708,2,3,22,2.1087083441661614,1.253379025961891e-05,0.8694198438083248,5927,6,COMPLETE
67,0.6793112377006733,2021-08-21 14:29:20.443468,2021-08-21 14:30:39.016971,0 days 00:01:18.573503,0.7499413283653311,4,6,16,0.4912625263597917,2.4215232415254966e-06,0.9701337992607456,3616,2,COMPLETE
68,0.6708959088555152,2021-08-21 14:30:39.018126,2021-08-21 14:31:56.055459,0 days 00:01:17.037333,0.9662568161260833,6,2,25,0.0008071702836061798,5.396194347118414e-05,0.9205741239682197,1964,5,COMPLETE
69,0.6851372345934749,2021-08-21 14:31:56.056736,2021-08-21 14:33:35.767813,0 days 00:01:39.711077,0.5795449554267604,3,5,26,0.8888933275590266,0.0001445011535377102,0.8909390856665237,1573,5,COMPLETE
70,0.6699896426721905,2021-08-21 14:33:35.769236,2021-08-21 14:34:40.382537,0 days 00:01:04.613301,0.6126055497172801,5,2,24,5.094735891330404e-05,1.1724856390895625e-07,0.9599216467967406,2231,7,COMPLETE
71,0.6875970999482133,2021-08-21 14:34:40.384236,2021-08-21 14:36:31.867436,0 days 00:01:51.483200,0.47749998494186374,3,4,27,3.223973481173771,0.0022450330962398703,0.8769375468294796,3733,10,COMPLETE
72,0.6837131020196789,2021-08-21 14:36:31.868605,2021-08-21 14:38:55.168403,0 days 00:02:23.299798,0.5330062529788533,3,8,28,9.368487821829351,0.00033381529323022244,0.9027172733226226,1800,6,COMPLETE
73,0.6696012428793372,2021-08-21 14:38:55.169758,2021-08-21 14:40:19.310962,0 days 00:01:24.141204,0.5585857305394887,3,7,29,1.099241687990891e-06,3.0764931281068306e-05,0.8332918302312937,3190,9,COMPLETE
74,0.6764629725530813,2021-08-21 14:40:19.312664,2021-08-21 14:42:53.032319,0 days 00:02:33.719655,0.43443352136020996,2,9,27,2.4758546116830265,0.004874128561300671,0.9315398535777802,2680,8,COMPLETE
75,0.6825479026411186,2021-08-21 14:42:53.034208,2021-08-21 14:44:31.375690,0 days 00:01:38.341482,0.5018303362197283,3,14,30,1.17740221083888,0.06844373784807749,0.8864507421410002,3488,10,COMPLETE
76,0.682936302433972,2021-08-21 14:44:31.376843,2021-08-21 14:45:59.763329,0 days 00:01:28.386486,0.46793791731876666,7,1,25,0.20358374614211902,0.021628195857840527,0.9483200630492851,3386,7,COMPLETE
77,0.6841015018125324,2021-08-21 14:45:59.764571,2021-08-21 14:47:53.288029,0 days 00:01:53.523458,0.49340322050812757,3,7,23,3.7446073205058035,0.0009536741420766979,0.9853078483286142,3945,10,COMPLETE
78,0.6718021750388399,2021-08-21 14:47:53.290189,2021-08-21 14:49:25.470081,0 days 00:01:32.179892,0.5383210375710386,3,6,21,0.107855428043508,6.789935456803559e-07,0.9146245334589125,2871,8,COMPLETE
79,0.6907042982910409,2021-08-21 14:49:25.471787,2021-08-21 14:51:01.019467,0 days 00:01:35.547680,0.5130453486760216,4,18,26,5.410903934877149,0.008284306155173185,0.8582803299974223,3106,9,COMPLETE
80,0.6852667011910927,2021-08-21 14:51:01.020834,2021-08-21 14:52:24.660599,0 days 00:01:23.639765,0.5173687873183614,4,18,26,0.5046908183566051,1.8769324413105937e-06,0.8567728122197916,2537,9,COMPLETE
81,0.6877265665458312,2021-08-21 14:52:24.661940,2021-08-21 14:53:57.826728,0 days 00:01:33.164788,0.44844813576060855,4,15,27,5.371543645156583,0.006635837670147037,0.8687564397220656,3704,9,COMPLETE
82,0.6885033661315381,2021-08-21 14:53:57.831793,2021-08-21 14:55:20.841029,0 days 00:01:23.009236,0.48756656627117423,4,17,28,2.098746026164747,0.01238838765977384,0.9026119405530284,3052,9,COMPLETE
83,0.68720870015536,2021-08-21 14:55:20.842792,2021-08-21 14:56:58.968636,0 days 00:01:38.125844,0.55498478973146,3,21,24,6.368189077627423,0.029749853534124477,0.7986988877338589,4146,8,COMPLETE
84,0.6888917659243915,2021-08-21 14:56:58.969873,2021-08-21 14:58:49.037438,0 days 00:01:50.067565,0.5051741229082795,3,3,26,1.2111726415042028,0.0003364672454343059,0.8808797366646179,3245,10,COMPLETE
85,0.6943293630243397,2021-08-21 14:58:49.038589,2021-08-21 15:00:06.731333,0 days 00:01:17.692744,0.42408524103251105,4,5,31,2.948925641153304,0.003573923198567525,0.8362859129853156,1410,6,COMPLETE
86,0.690574831693423,2021-08-21 15:00:06.732872,2021-08-21 15:01:22.652742,0 days 00:01:15.919870,0.4195189403456963,4,5,31,3.542217722706077,0.001968708867621973,0.7522548218299413,1436,6,COMPLETE
87,0.6824184360435007,2021-08-21 15:01:22.654133,2021-08-21 15:02:36.713231,0 days 00:01:14.059098,0.42037985861686794,4,20,29,9.203901108190276,0.002028568828996853,0.7516866842116701,1248,6,COMPLETE
88,0.68720870015536,2021-08-21 15:02:36.714566,2021-08-21 15:03:36.861742,0 days 00:01:00.147176,0.4352099030976486,4,5,31,3.6479802823699807,0.003655377899234995,0.835467381971973,1045,5,COMPLETE
89,0.6921284308648369,2021-08-21 15:03:36.863128,2021-08-21 15:04:42.124925,0 days 00:01:05.261797,0.7909541233532368,5,5,31,0.828195099778622,0.0015805551810217605,0.8075459654190792,1426,7,COMPLETE
90,0.6910926980838943,2021-08-21 15:04:42.126532,2021-08-21 15:05:38.685570,0 days 00:00:56.559038,0.7863999921112923,4,6,31,0.8896087933940973,0.007658118388745582,0.8091185421498372,1455,7,COMPLETE
91,0.686431900569653,2021-08-21 15:05:38.690390,2021-08-21 15:06:37.785115,0 days 00:00:59.094725,0.79999514201958,5,6,31,0.8696856723305186,0.008025217981051411,0.806904916695182,1463,7,COMPLETE
92,0.6799585706887623,2021-08-21 15:06:37.786506,2021-08-21 15:07:18.741070,0 days 00:00:40.954564,0.8610266396379055,5,7,30,0.5335562323329468,0.001408289140999637,0.7756294939129059,713,7,COMPLETE
93,0.6807353702744692,2021-08-21 15:07:18.742428,2021-08-21 15:08:13.291738,0 days 00:00:54.549310,0.813630046130549,5,8,31,0.2537388203902926,0.0034735200418816513,0.7481996030918832,1365,4,COMPLETE
94,0.6910926980838943,2021-08-21 15:08:13.302473,2021-08-21 15:09:10.271006,0 days 00:00:56.968533,0.7320209316861331,4,4,30,1.1199677920336248,0.014933930111182237,0.8206065837021919,1726,6,COMPLETE
95,0.687079233557742,2021-08-21 15:09:10.272561,2021-08-21 15:10:09.363602,0 days 00:00:59.091041,0.7668243898663583,6,6,30,1.2306330727001529,0.015833190089655044,0.8118770636470596,1655,6,COMPLETE
96,0.680864836872087,2021-08-21 15:10:09.364915,2021-08-21 15:10:49.405191,0 days 00:00:40.040276,0.7390192145297216,4,4,29,0.14632273258951636,0.0006907721305631517,0.856486693448279,1023,8,COMPLETE
97,0.6831952356292077,2021-08-21 15:10:49.406533,2021-08-21 15:11:38.199061,0 days 00:00:48.792528,0.695053369397124,4,5,30,0.44745821055421964,0.11760085345929723,0.8255538856618194,1786,1,COMPLETE
98,0.6857845675815639,2021-08-21 15:11:38.200965,2021-08-21 15:12:31.971054,0 days 00:00:53.770089,0.7847162626738485,5,17,15,6.561726770743885,0.053164223403042166,0.8457156178824594,2055,5,COMPLETE
99,0.691998964267219,2021-08-21 15:12:31.972799,2021-08-21 15:13:28.339611,0 days 00:00:56.366812,0.7225345377865173,4,3,31,3.418509171051597,0.009005245606018057,0.7858299054862191,1537,6,COMPLETE
100,0.6895390989124806,2021-08-21 15:13:28.340834,2021-08-21 15:14:21.697698,0 days 00:00:53.356864,0.7383554513237792,4,3,31,0.8180110906123526,0.033433018049067245,0.7900319388674399,1533,5,COMPLETE
101,0.6866908337648886,2021-08-21 15:14:21.699046,2021-08-21 15:15:03.342435,0 days 00:00:41.643389,0.7125664581622378,4,4,31,3.8161512769151114,0.008720344982525552,0.7013067525186475,1153,6,COMPLETE
102,0.692128430864837,2021-08-21 15:15:03.344097,2021-08-21 15:16:00.956391,0 days 00:00:57.612294,0.8270670747590754,4,4,28,1.5699164683684041,0.0014499877215511346,0.7656745900347874,1906,6,COMPLETE
103,0.6897980321077163,2021-08-21 15:16:00.957911,2021-08-21 15:16:55.840990,0 days 00:00:54.883079,0.8190858480644201,4,3,28,1.5818504023942743,0.006701011265177907,0.7718847844821515,1347,6,COMPLETE
104,0.6865613671672708,2021-08-21 15:16:55.842328,2021-08-21 15:17:54.652712,0 days 00:00:58.810384,0.8354249801636758,4,4,29,1.003014202811196,0.0010993408499013044,0.8030391222945489,1907,6,COMPLETE
105,0.6885033661315381,2021-08-21 15:17:54.653968,2021-08-21 15:18:50.533994,0 days 00:00:55.880026,0.789711221161037,5,19,30,1.9509374582050025,0.0026548331295877664,0.8197638314650825,1240,7,COMPLETE
106,0.6860435007767997,2021-08-21 15:18:50.535931,2021-08-21 15:19:38.108285,0 days 00:00:47.572354,0.7707055073619503,4,22,29,6.593105269178482,0.014332426804801705,0.7826955047533283,1899,7,COMPLETE
107,0.6853961677887105,2021-08-21 15:19:38.110018,2021-08-21 15:20:50.268913,0 days 00:01:12.158895,0.8974190973927413,5,2,9,0.6410897022583023,0.005064414110246734,0.8151045263170537,2299,6,COMPLETE
108,0.6873381667529778,2021-08-21 15:20:50.270343,2021-08-21 15:21:32.603551,0 days 00:00:42.333208,0.8598329272778691,4,6,28,0.3535750531621776,0.0008147277847146125,0.7302510032557394,885,5,COMPLETE
109,0.6872087001553598,2021-08-21 15:21:32.605249,2021-08-21 15:22:29.143717,0 days 00:00:56.538468,0.8009209030061548,4,7,30,2.490795452595619,0.00045007220288261146,0.8351423065173099,1696,6,COMPLETE
110,0.696271361988607,2021-08-21 15:22:29.145124,2021-08-21 15:23:19.340865,0 days 00:00:50.195741,0.6718738669072332,4,11,30,1.4355265177791907,0.022004082219519473,0.8402921531406478,1506,7,COMPLETE
111,0.6866908337648886,2021-08-21 15:23:19.343087,2021-08-21 15:24:07.122452,0 days 00:00:47.779365,0.6770806003703322,4,12,30,1.4325321405163387,3.872539269542606e-07,0.8657154643382138,1510,7,COMPLETE
112,0.6910926980838944,2021-08-21 15:24:07.123976,2021-08-21 15:24:59.335688,0 days 00:00:52.211712,0.6513885778565891,4,10,29,4.426474776937474,0.023807587744454732,0.7611901536644721,2179,7,COMPLETE
113,0.6886328327291558,2021-08-21 15:24:59.336942,2021-08-21 15:25:51.265047,0 days 00:00:51.928105,0.702019637454443,4,11,31,4.037356174354631,0.36709822860257835,0.665278282299795,2111,7,COMPLETE
114,0.6847488348006214,2021-08-21 15:25:51.269785,2021-08-21 15:26:47.987489,0 days 00:00:56.717704,0.6677797809252629,4,11,6,2.667088041125134,0.11229913252362456,0.7602233959560508,1840,7,COMPLETE
115,0.6807353702744692,2021-08-21 15:26:47.990275,2021-08-21 15:27:25.024428,0 days 00:00:37.034153,0.6528198209038447,4,13,29,1.1306500693521455,0.023191956246115513,0.400825823109606,1613,6,COMPLETE
116,0.6822889694458829,2021-08-21 15:27:25.026078,2021-08-21 15:28:15.051735,0 days 00:00:50.025657,0.6361522886355178,4,10,28,9.707279572952748,0.010659354889304607,0.7215131724498278,1104,8,COMPLETE
117,0.6900569653029518,2021-08-21 15:28:15.052934,2021-08-21 15:29:07.461473,0 days 00:00:52.408539,0.7253497195703711,5,8,30,4.8828930454514206,0.04358868634863543,0.7858285235425917,1331,7,COMPLETE
118,0.6882444329363024,2021-08-21 15:29:07.463252,2021-08-21 15:30:04.268783,0 days 00:00:56.805531,0.6957596337461222,4,9,19,0.672243059267876,0.07488558397736318,0.8424634591434353,2252,6,COMPLETE
119,0.6882444329363024,2021-08-21 15:30:04.270589,2021-08-21 15:31:04.277865,0 days 00:01:00.007276,0.7627278882988714,5,4,29,1.5273522346958273,0.0015494291344056008,0.7360120294337421,1731,7,COMPLETE
120,0.6834541688244433,2021-08-21 15:31:04.279176,2021-08-21 15:32:01.148137,0 days 00:00:56.868961,0.7462763964314664,4,3,31,0.026962091053255643,0.19970136697608523,0.799122005666021,1989,6,COMPLETE
121,0.6857845675815639,2021-08-21 15:32:01.149353,2021-08-21 15:33:19.705732,0 days 00:01:18.556379,0.7192368080002924,4,5,28,2.218993462282193,0.01666079744915541,0.8277621702965036,4476,7,COMPLETE
122,0.6882444329363024,2021-08-21 15:33:19.707240,2021-08-21 15:34:39.417725,0 days 00:01:19.710485,0.8409345474709451,4,10,27,6.400718168368216,0.029212662953310452,0.8559851975764304,1502,2,COMPLETE
123,0.6888917659243916,2021-08-21 15:34:39.419597,2021-08-21 15:35:30.856772,0 days 00:00:51.437175,0.6603491752921976,4,12,29,3.3692503024585685,0.0036075118981368838,0.8081295511791821,1187,8,COMPLETE
124,0.6930346970481616,2021-08-21 15:35:30.858055,2021-08-21 15:36:29.314856,0 days 00:00:58.456801,0.6821394086576137,4,6,30,1.7097573362114162,0.010820517156594621,0.765545184630124,2389,6,COMPLETE
125,0.6803469704816157,2021-08-21 15:36:29.316053,2021-08-21 15:37:18.851870,0 days 00:00:49.535817,0.6849822411279627,4,6,30,0.005624632354766697,0.010306896811650168,0.7618156449866926,2172,5,COMPLETE
126,0.6868203003625064,2021-08-21 15:37:18.853592,2021-08-21 15:38:17.636433,0 days 00:00:58.782841,0.6380935591126708,4,5,31,0.9480223725205903,0.005588134867838073,0.7381995553717318,1874,3,COMPLETE
127,0.682936302433972,2021-08-21 15:38:17.638198,2021-08-21 15:39:20.296467,0 days 00:01:02.658269,0.6814459440320288,4,7,30,0.47691583196568593,0.0026365356969608933,0.7851840031920407,2057,6,COMPLETE
128,0.6891506991196272,2021-08-21 15:39:20.298013,2021-08-21 15:40:20.132184,0 days 00:00:59.834171,0.7278953717283883,4,8,29,1.7411541796070455,0.02308664112810643,0.712949186318389,2384,6,COMPLETE
129,0.6877265665458311,2021-08-21 15:40:20.133502,2021-08-21 15:41:03.888708,0 days 00:00:43.755206,0.7772984649810599,4,9,28,5.0847075784747995,0.015561429726523178,0.8206347050123489,945,7,COMPLETE
130,0.6736147074054893,2021-08-21 15:41:03.894770,2021-08-21 15:41:58.620984,0 days 00:00:54.726214,0.7075777954609855,4,6,31,5.3471063727566925e-06,6.869161582190295e-08,0.7730093043056057,1641,6,COMPLETE
131,0.68720870015536,2021-08-21 15:41:58.622755,2021-08-21 15:42:50.065278,0 days 00:00:51.442523,0.8094455164271558,6,4,26,3.127196078140578,0.006919548670994463,0.8775038369737291,1438,6,COMPLETE
132,0.6842309684101502,2021-08-21 15:42:50.066684,2021-08-21 15:43:51.566005,0 days 00:01:01.499321,0.830838895682729,4,3,27,1.274334292204597,0.0016410323590141287,0.8356492762013492,1767,6,COMPLETE
133,0.6865613671672709,2021-08-21 15:43:51.567489,2021-08-21 15:45:18.225200,0 days 00:01:26.657711,0.400521991339862,4,5,30,2.0559522938146384,0.038054678339753664,0.895819953993655,2433,5,COMPLETE
134,0.6875970999482134,2021-08-21 15:45:18.227369,2021-08-21 15:46:42.721490,0 days 00:01:24.494121,0.47437814589686345,4,4,28,0.7718966272933643,0.010017114359509666,0.8006728461657542,1555,7,COMPLETE
135,0.6777576385292595,2021-08-21 15:46:42.723085,2021-08-21 15:47:36.296069,0 days 00:00:53.572984,0.6921607302968937,4,6,31,0.27720929413807827,0.004605489091539256,0.8602113816416445,1372,8,COMPLETE
136,0.6874676333505956,2021-08-21 15:47:36.297147,2021-08-21 15:48:32.423704,0 days 00:00:56.126557,0.6696315809026522,5,1,29,4.48566945505278,0.06133294404384776,0.8482081814173127,1956,7,COMPLETE
137,0.6844899016053858,2021-08-21 15:48:32.425102,2021-08-21 15:50:17.593386,0 days 00:01:45.168284,0.4560266834742133,4,2,30,6.843319350577033,0.00023209647290926244,0.7448492275602839,5007,4,COMPLETE
138,0.690574831693423,2021-08-21 15:50:17.594973,2021-08-21 15:51:38.617830,0 days 00:01:21.022857,0.6210126557359528,4,5,27,2.5972181308721334,0.0023457811802595064,0.7585312448497545,2184,6,COMPLETE
139,0.6776281719316416,2021-08-21 15:51:38.619416,2021-08-21 15:52:20.743626,0 days 00:00:42.124210,0.7503529602047823,4,16,31,1.510573493635898,0.00774908943170004,0.5134216151855571,1707,7,COMPLETE
140,0.674520973588814,2021-08-21 15:52:20.744866,2021-08-21 15:54:12.867552,0 days 00:01:52.122686,0.6531942511782687,4,7,12,1.3202573478699772e-07,0.0009820478414269218,0.8175238884521557,2674,6,COMPLETE
141,0.6900569653029518,2021-08-21 15:54:12.868824,2021-08-21 15:55:34.616446,0 days 00:01:21.747622,0.6350766303052946,4,5,17,2.595621368570686,0.003053769116684034,0.7654890995649377,2294,6,COMPLETE
142,0.6903158984981874,2021-08-21 15:55:34.618425,2021-08-21 15:57:35.747800,0 days 00:02:01.129375,0.513109308194221,3,14,27,4.446661188808615,0.0036818030496754673,0.9081888004495958,1862,9,COMPLETE
143,0.6897980321077162,2021-08-21 15:57:35.749587,2021-08-21 15:59:07.064457,0 days 00:01:31.314870,0.4362402287938337,4,6,31,3.5227420728283168,0.00205354188834665,0.7795129464975729,1437,6,COMPLETE
144,0.6883738995339203,2021-08-21 15:59:07.065857,2021-08-21 16:00:14.379649,0 days 00:01:07.313792,0.6187293298294034,4,4,26,1.0430847468088735,0.000516431433300695,0.76061695426204,2092,6,COMPLETE
145,0.6756861729673744,2021-08-21 16:00:14.380924,2021-08-21 16:01:03.890308,0 days 00:00:49.509384,0.6686633973063917,4,5,29,9.572210328722976e-05,0.015523120928545858,0.7935182659842258,2198,5,COMPLETE
146,0.681641636457794,2021-08-21 16:01:03.892071,2021-08-21 16:02:05.711231,0 days 00:01:01.819160,0.6042513156007349,4,3,27,0.6263965495753064,0.021211381647550643,0.8800498850565468,1247,6,COMPLETE
147,0.6830657690315899,2021-08-21 16:02:05.716129,2021-08-21 16:03:58.734513,0 days 00:01:53.018384,0.41708591064559747,4,13,30,8.442548577730248,0.0013424547549803596,0.9218658253974356,1561,3,COMPLETE
148,0.6939409632314864,2021-08-21 16:03:58.735786,2021-08-21 16:05:20.941918,0 days 00:01:22.206132,0.4500006885030641,5,4,31,1.6695067385912141,2.3450762696242143e-08,0.8047730755655229,1317,5,COMPLETE
149,0.6866908337648886,2021-08-21 16:05:20.943179,2021-08-21 16:06:39.750642,0 days 00:01:18.807463,0.4687460697825736,5,11,30,1.6687669900083522,3.72738440852021e-08,0.6104234659379373,1321,5,COMPLETE
150,0.6855256343863283,2021-08-21 16:06:39.752388,2021-08-21 16:07:48.123043,0 days 00:01:08.370655,0.44942542581845274,5,2,19,0.36950365791554746,0.005317910311753597,0.8110809030773395,1101,8,COMPLETE
151,0.6914810978767478,2021-08-21 16:07:48.124644,2021-08-21 16:09:18.525621,0 days 00:01:30.400977,0.48576145414114485,5,4,31,3.065014506314987,1.0415678117746729e-08,0.8286994446669614,1438,6,COMPLETE
152,0.67594510616261,2021-08-21 16:09:18.527132,2021-08-21 16:10:44.349435,0 days 00:01:25.822303,0.47841608898502497,5,4,31,0.0004056253660345821,2.0569786623426962e-08,0.836897401611129,1633,7,COMPLETE
153,0.6895390989124806,2021-08-21 16:10:44.350685,2021-08-21 16:11:51.696929,0 days 00:01:07.346244,0.486047736412967,5,3,29,2.1564526334445437,1.978992959858924e-08,0.8273086257947355,1275,6,COMPLETE
154,0.682288969445883,2021-08-21 16:11:51.698713,2021-08-21 16:12:55.611571,0 days 00:01:03.912858,0.7352268638623232,5,4,30,1.0050552248623992,1.9286700449280026e-08,0.869123126957736,1540,6,COMPLETE
155,0.6903158984981875,2021-08-21 16:12:55.613329,2021-08-21 16:14:23.650458,0 days 00:01:28.037129,0.49866474283293855,5,6,31,3.013679022362302,0.01114142545119264,0.8547180044566878,1799,7,COMPLETE
156,0.6859140341791817,2021-08-21 16:14:23.651830,2021-08-21 16:16:05.320107,0 days 00:01:41.668277,0.4646116136057496,5,7,28,5.282905821824506,1.0488302395186232e-08,0.8047458381362178,1434,6,COMPLETE
157,0.684360435007768,2021-08-21 16:16:05.321302,2021-08-21 16:16:50.321342,0 days 00:00:45.000040,0.7089029189261247,5,4,30,1.4731250627017765,7.429999547737067e-08,0.7951498796581985,976,10,COMPLETE
158,0.6829363024339721,2021-08-21 16:16:50.322899,2021-08-21 16:17:48.396992,0 days 00:00:58.074093,0.7874650851868109,5,8,31,0.7500579624955239,4.177321295822511e-08,0.8432599190100978,1196,7,COMPLETE
159,0.6927757638529259,2021-08-21 16:17:48.398858,2021-08-21 16:19:01.890538,0 days 00:01:13.491680,0.8520843504688289,3,3,29,2.080875473105348,0.03209668304968359,0.8208068314808741,1987,3,COMPLETE
160,0.6901864319005697,2021-08-21 16:19:01.892075,2021-08-21 16:20:11.365147,0 days 00:01:09.473072,0.8710552335872124,3,3,29,2.4040746468386187,9.357164482337497e-06,0.8206234234378895,2080,3,COMPLETE
161,0.6846193682030036,2021-08-21 16:20:11.366515,2021-08-21 16:21:06.176303,0 days 00:00:54.809788,0.8258053979844121,3,5,31,3.8004465117620874,0.029154350873603335,0.7772986936754211,1932,3,COMPLETE
162,0.690704298291041,2021-08-21 16:21:06.181107,2021-08-21 16:22:10.446053,0 days 00:01:04.264946,0.8759072413929353,3,2,30,1.2008214576206961,0.04501464952700947,0.8895991768108894,1718,4,COMPLETE
163,0.6869497669601243,2021-08-21 16:22:10.447751,2021-08-21 16:23:15.395950,0 days 00:01:04.948199,0.8888843178689062,3,2,30,1.8152822584811343,0.054318980194995425,0.8876182350160428,1722,2,COMPLETE
164,0.6886328327291559,2021-08-21 16:23:15.397288,2021-08-21 16:24:18.030070,0 days 00:01:02.632782,0.8479837603564896,3,1,30,1.0642932700627734,4.8128276600900445e-06,0.8118109326251608,1620,4,COMPLETE
165,0.6838425686172968,2021-08-21 16:24:18.031350,2021-08-21 16:25:18.528806,0 days 00:01:00.497456,0.9218577524314796,3,2,29,0.5237416808189252,0.08761141327681099,0.9415724008634514,1361,3,COMPLETE
166,0.6853961677887105,2021-08-21 16:25:18.530789,2021-08-21 16:26:09.426807,0 days 00:00:50.896018,0.8747361230119353,3,4,28,7.002104056695405,1.7230276762024703e-07,0.8292260157757586,1458,4,COMPLETE
167,0.6869497669601242,2021-08-21 16:26:09.428698,2021-08-21 16:27:46.837634,0 days 00:01:37.408936,0.4417276656733804,3,1,31,1.0336350750771315,0.038159442514442206,0.788719084682047,1837,4,COMPLETE
168,0.6888917659243916,2021-08-21 16:27:46.839041,2021-08-21 16:28:50.523158,0 days 00:01:03.684117,0.9079081352633779,3,3,30,4.2715162007373735,0.02015986004371957,0.8666142706959581,1686,3,COMPLETE
169,0.6916105644743656,2021-08-21 16:28:50.524381,2021-08-21 16:29:56.688194,0 days 00:01:06.163813,0.8553352660658671,3,3,31,1.5867860096357964,0.012975814596604275,0.9256514876490125,2007,5,COMPLETE
170,0.6958829621957534,2021-08-21 16:29:56.690031,2021-08-21 16:30:33.682841,0 days 00:00:36.992810,0.8546035756891399,3,3,31,1.6150793812926807,0.15186728093390464,0.9212321018353192,754,5,COMPLETE
171,0.693423096841015,2021-08-21 16:30:33.685025,2021-08-21 16:31:09.638684,0 days 00:00:35.953659,0.8514041886379962,3,3,31,1.8499342332377693,0.42452677297344044,0.9209317694788957,774,5,COMPLETE
172,0.6881149663386845,2021-08-21 16:31:09.642302,2021-08-21 16:31:49.718788,0 days 00:00:40.076486,0.8569652413825445,3,3,31,2.1341968457232485,0.6693068617494999,0.9340472843131129,793,5,COMPLETE
173,0.690574831693423,2021-08-21 16:31:49.720489,2021-08-21 16:32:23.257868,0 days 00:00:33.537379,0.8583872153336265,3,4,31,3.0924602563557553,0.14727188732182706,0.9501769667440462,703,5,COMPLETE
174,0.6939409632314864,2021-08-21 16:32:23.262886,2021-08-21 16:32:59.527282,0 days 00:00:36.264396,0.8494771688984737,3,3,31,1.6403393158748114,0.28391087703607165,0.9169492109701494,655,5,COMPLETE
175,0.69135163127913,2021-08-21 16:32:59.529107,2021-08-21 16:33:30.226825,0 days 00:00:30.697718,0.8424691003325478,3,3,31,1.7509694729768466,0.5966797317461031,0.9220029913931354,556,5,COMPLETE
176,0.6912221646815122,2021-08-21 16:33:30.228214,2021-08-21 16:34:09.457535,0 days 00:00:39.229321,0.838475518545961,3,3,31,1.6552380800036866,1.7675613614624428,0.9220229920385662,671,5,COMPLETE
177,0.6860435007767997,2021-08-21 16:34:09.458974,2021-08-21 16:34:42.458618,0 days 00:00:32.999644,0.8460946533707004,3,3,31,1.7724284596193585,0.5285333335920394,0.9224636046598172,533,5,COMPLETE
178,0.6901864319005696,2021-08-21 16:34:42.460395,2021-08-21 16:35:25.386568,0 days 00:00:42.926173,0.8223656613885922,3,2,31,2.501215564820398,4.854549843943998,0.9115852000908047,679,5,COMPLETE
179,0.6891506991196272,2021-08-21 16:35:25.388378,2021-08-21 16:36:14.159598,0 days 00:00:48.771220,0.8397894361331634,3,3,30,1.647698772517538,1.5560422582069806,0.9263018020466747,862,5,COMPLETE
180,0.6873381667529778,2021-08-21 16:36:14.161240,2021-08-21 16:36:46.879028,0 days 00:00:32.717788,0.8491222555129105,3,3,31,0.6228863567544661,0.9849565802022763,0.8992476052514632,618,5,COMPLETE
181,0.6888917659243915,2021-08-21 16:36:46.880333,2021-08-21 16:37:17.603508,0 days 00:00:30.723175,0.8333215253705429,3,4,31,3.1534015617293814,0.2967383787095185,0.9171162379546015,500,5,COMPLETE
182,0.6838425686172968,2021-08-21 16:37:17.605314,2021-08-21 16:37:59.182762,0 days 00:00:41.577448,0.8059542415643282,3,5,11,4.523316535358036,0.4686452399176422,0.932133380003309,784,5,COMPLETE
183,0.6887622993267737,2021-08-21 16:37:59.184587,2021-08-21 16:38:35.179079,0 days 00:00:35.994492,0.8888200427659357,3,3,29,1.500151680056938,2.237309563030052,0.9578879004918769,591,5,COMPLETE
184,0.6828068358363543,2021-08-21 16:38:35.180358,2021-08-21 16:39:26.605525,0 days 00:00:51.425167,0.8665916031017746,3,10,30,2.3372225823609827,9.959506807412636,0.9062587944607344,998,5,COMPLETE
185,0.6905748316934232,2021-08-21 16:39:26.606982,2021-08-21 16:40:00.560486,0 days 00:00:33.953504,0.855725464337133,3,4,31,2.8316038550730798,0.20840509313560918,0.896577615460662,741,5,COMPLETE
186,0.6891506991196271,2021-08-21 16:40:00.562268,2021-08-21 16:40:41.498943,0 days 00:00:40.936675,0.829834871556377,3,2,30,1.5105225231614923,1.0813306106135112,0.9207283906084031,941,5,COMPLETE
187,0.6853961677887105,2021-08-21 16:40:41.501018,2021-08-21 16:41:16.920140,0 days 00:00:35.419122,0.8192627612099405,3,4,29,6.139167765867834,2.86245744495743,0.9368368351860676,586,5,COMPLETE
188,0.6834541688244433,2021-08-21 16:41:16.921374,2021-08-21 16:41:49.829292,0 days 00:00:32.907918,0.8685859487435681,3,3,31,0.7883343809113609,0.09435576964244992,0.9144108864727563,686,5,COMPLETE
189,0.6879854997410668,2021-08-21 16:41:49.830755,2021-08-21 16:42:36.997865,0 days 00:00:47.167110,0.8455990686644306,3,5,14,3.8423123331301148,0.9237552425469576,0.9439281513639348,1052,5,COMPLETE
190,0.6856551009839461,2021-08-21 16:42:36.999683,2021-08-21 16:43:16.779367,0 days 00:00:39.779684,0.8337708904818701,3,3,30,2.331918650037308,0.31286530787435785,0.9025271177808213,836,5,COMPLETE
191,0.6839720352149146,2021-08-21 16:43:16.780910,2021-08-21 16:44:11.953821,0 days 00:00:55.172911,0.855634091383913,3,5,31,0.8947654789675342,0.16580019865777285,0.930616558141095,526,4,COMPLETE
192,0.6887622993267737,2021-08-21 16:44:11.955271,2021-08-21 16:46:52.460799,0 days 00:02:40.505528,0.8126575042906121,3,4,30,1.4042996639808856,0.4223037707661251,0.911647050277558,747,5,COMPLETE
193,0.6853961677887105,2021-08-21 16:46:52.468792,2021-08-21 16:51:25.965196,0 days 00:04:33.496404,0.8829824000938233,7,2,29,2.0212189537719265,0.26803854213803235,0.8030486581132162,1992,6,COMPLETE
194,0.6841015018125324,2021-08-21 16:51:25.966652,2021-08-21 16:52:10.013724,0 days 00:00:44.047072,0.6778757519337232,3,27,30,1.1662225134539308,0.015057166513038456,0.952213710331941,885,6,COMPLETE
195,0.6894096323148627,2021-08-21 16:52:10.015648,2021-08-21 16:53:35.244011,0 days 00:01:25.228363,0.695172254668851,3,4,31,3.6265770136626996,0.02338508268452449,0.8861134112382159,3855,5,COMPLETE
196,0.6865613671672708,2021-08-21 16:53:35.245229,2021-08-21 16:54:14.952778,0 days 00:00:39.707549,0.6873582547285825,3,5,30,0.4895497507308246,1.3950240856723872,0.9250981132546104,665,6,COMPLETE
197,0.6765924391506991,2021-08-21 16:54:14.954201,2021-08-21 16:55:06.960882,0 days 00:00:52.006681,0.79994714827418,3,6,31,0.7503649852429012,1.6388685293569487e-08,0.6880163978520972,1268,5,COMPLETE
198,0.6440963231486276,2021-08-21 16:55:06.962733,2021-08-21 16:56:24.345174,0 days 00:01:17.382441,0.8424570362498519,3,3,2,9.967310256301598,0.033363259064931185,0.8275908122258302,2013,2,COMPLETE
199,0.6931641636457794,2021-08-21 16:56:24.346863,2021-08-21 16:57:25.027762,0 days 00:01:00.680899,0.8238517123891183,5,6,31,1.8171060738433589,0.6319414966728713,0.7729389993483473,1337,5,COMPLETE
